parent,node,branch.length,label,isTip,x,y,branch,angle
14,1,3711,PD41851d_lo0003,TRUE,3956,6,2100.5,196.363636363636
14,2,3584,PD41851d_lo0004,TRUE,3829,7,2037,229.090909090909
15,3,3922,PD41851d_lo0005,TRUE,3931,8,1970,261.818181818182
16,4,3787,PD41851d_lo0040,TRUE,3802,9,1908.5,294.545454545455
17,5,3835,PD41851d_lo0041,TRUE,3877,10,1959.5,327.272727272727
17,6,4425,PD41851d_lo0043,TRUE,4467,11,2254.5,360
18,7,4386,PD41851d_lo0034,TRUE,4388,1,2195,32.7272727272727
21,8,4918,PD41851d_lo0035,TRUE,4956,4,2497,130.909090909091
21,9,7014,PD41851d_lo0036,TRUE,7052,5,3545,163.636363636364
20,10,4572,PD41851d_lo0092,TRUE,4593,3,2307,98.1818181818182
19,11,4155,PD41851d_lo0042,TRUE,4159,2,2081.5,65.4545454545455
12,12,0,,FALSE,0,4.8125,0,157.5
12,13,8,100,FALSE,8,7.6875,4,251.590909090909
13,14,237,100,FALSE,245,6.5,126.5,212.727272727273
13,15,1,94,FALSE,9,8.875,8.5,290.454545454545
15,16,6,100,FALSE,15,9.75,12,319.090909090909
16,17,27,100,FALSE,42,10.5,28.5,343.636363636364
12,18,2,99,FALSE,2,1.9375,1,63.4090909090909
18,19,2,80,FALSE,4,2.875,3,94.0909090909091
19,20,17,100,FALSE,21,3.75,12.5,122.727272727273
20,21,17,100,FALSE,38,4.5,29.5,147.272727272727
