parent,node,branch.length,label,isTip,x,y,branch,angle
10,1,388,PD43954b_lo0012,TRUE,414,4,220,205.714285714286
10,2,353,PD43954b_lo0013,TRUE,379,5,202.5,257.142857142857
11,3,268,PD43954b_lo0014,TRUE,322,6,188,308.571428571429
11,4,237,PD43954b_lo0015,TRUE,291,7,172.5,360
13,5,330,PD43954b_lo0016,TRUE,361,2,196,102.857142857143
13,6,310,PD43954b_lo0019,TRUE,341,3,186,154.285714285714
12,7,275,PD43954b_lo0018,TRUE,303,1,165.5,51.4285714285714
8,8,0,,FALSE,0,3.625,0,186.428571428571
8,9,2,97,FALSE,2,5.5,1,282.857142857143
9,10,24,100,FALSE,26,4.5,14,231.428571428571
9,11,52,100,FALSE,54,6.5,28,334.285714285714
8,12,28,100,FALSE,28,1.75,14,90
12,13,3,100,FALSE,31,2.5,29.5,128.571428571429
