parent,node,branch.length,label,isTip,x,y,branch,angle
10,1,105,PD43949b_lo0021,TRUE,124,4,71.5,205.714285714286
10,2,94,PD43949b_lo0022,TRUE,113,5,66,257.142857142857
11,3,47,PD43949b_lo0023,TRUE,81,6,57.5,308.571428571429
11,4,63,PD43949b_lo0024,TRUE,97,7,65.5,360
12,5,78,PD43949b_lo0026,TRUE,92,1,53,51.4285714285714
13,6,38,PD43949b_lo0027,TRUE,85,2,66,102.857142857143
13,7,30,PD43949b_lo0028,TRUE,77,3,62,154.285714285714
8,8,0,,FALSE,0,3.625,0,186.428571428571
8,9,16,100,FALSE,16,5.5,8,282.857142857143
9,10,3,100,FALSE,19,4.5,17.5,231.428571428571
9,11,18,100,FALSE,34,6.5,25,334.285714285714
8,12,14,100,FALSE,14,1.75,7,90
12,13,33,100,FALSE,47,2.5,30.5,128.571428571429
